Question,Answer
What are the main components of a biological neuron?,"1. Cell body (soma); 2. Dendrites (inputs); 3. Axon (outputs); 4. Synapses (connections between cells)"
What happens when the inputs to a biological neuron reach a certain threshold?,"An action potential (electrical pulse) is sent along the axon to the outputs."
What are the key elements of an artificial neuron in a neural network?,"1. Input edges, each with a weight; 2. Output edges (also with weights); 3. Activation level (a function of the inputs)"
How is the input function calculated in an artificial neuron?,"The input function is the weighted sum of the activation levels of inputs."
What is the activation function in an artificial neuron?,"The activation function <anki-mathjax>g(s)</anki-mathjax> is a non-linear function of the weighted sum of inputs <anki-mathjax>s</anki-mathjax>."
What was the original transfer function used in early neural networks?,"The step function, which outputs 1 if <anki-mathjax>s > 0</anki-mathjax> and 0 if <anki-mathjax>s < 0</anki-mathjax>."
What is linear separability in the context of perceptrons?,"A function is linearly separable if it can be separated by a linear boundary, such as a straight line."
What are some examples of linearly separable functions and their weight values in a perceptron?,"AND: <anki-mathjax>w_1 = w_2 = 1.0</anki-mathjax>, <anki-mathjax>w_0 = -1.5</anki-mathjax>; OR: <anki-mathjax>w_1 = w_2 = 1.0</anki-mathjax>, <anki-mathjax>w_0 = -0.5</anki-mathjax>; NOR: <anki-mathjax>w_1 = w_2 = -1.0</anki-mathjax>, <anki-mathjax>w_0 = 0.5</anki-mathjax>"
What is the Perceptron Learning Rule?,"Adjust the weights when the output is incorrect. If output is 0 but should be 1, increase weights. If output is 1 but should be 0, decrease weights. Repeat until the perceptron classifies data correctly, assuming linear separability."
What is a major limitation of perceptrons?,"Perceptrons cannot solve problems that are not linearly separable, such as XOR."
What is a possible solution for the limitation of perceptrons with non-linearly separable functions?,"Use a multi-layer neural network, where a combination of perceptrons can solve complex functions like XOR."
What historical event in 1969 impacted the research on perceptrons and neural networks?,"Minsky and Papert published a book highlighting the limitations of perceptrons, leading to a decline in funding for neural network research."
Who discovered the method for training multi-layer neural networks, and when did it become widely known?,"The method was discovered by Paul Werbos in 1976, but it became widely known after being rediscovered by Rumelhart, Hinton, and Williams in 1986."
How is the input to a neuron in a McCulloch-Pitts model calculated?,"The input <anki-mathjax>s</anki-mathjax> is calculated as: <anki-mathjax>s = w_1x_1 + w_2x_2 + w_0</anki-mathjax> where <anki-mathjax>w_1, w_2</anki-mathjax> are weights, <anki-mathjax>x_1, x_2</anki-mathjax> are inputs, and <anki-mathjax>w_0</anki-mathjax> is the bias weight (equal to <anki-mathjax>-\text{th}</anki-mathjax>, the threshold)."
What is the role of the transfer function <anki-mathjax>g(s)</anki-mathjax> in a perceptron?,"The transfer function <anki-mathjax>g(s)</anki-mathjax> determines the output of the perceptron based on the input <anki-mathjax>s</anki-mathjax>: <anki-mathjax>g(s) = \begin{cases} 1, & \text{if } s > 0 \\ 0, & \text{if } s \leq 0 \end{cases}</anki-mathjax> This is known as the step function."
What is the formula for updating weights in the Perceptron Learning Rule when the perceptron output is incorrect?,"The weights are updated as follows: If <anki-mathjax>g(s) = 0</anki-mathjax> but should be 1: <anki-mathjax>w_k \leftarrow w_k + \eta x_k</anki-mathjax>, <anki-mathjax>w_0 \leftarrow w_0 + \eta</anki-mathjax>; If <anki-mathjax>g(s) = 1</anki-mathjax> but should be 0: <anki-mathjax>w_k \leftarrow w_k - \eta x_k</anki-mathjax>, <anki-mathjax>w_0 \leftarrow w_0 - \eta</anki-mathjax> where <anki-mathjax>\eta > 0</anki-mathjax> is the learning rate."
What is the condition for the perceptron to correctly classify all data points?,"The perceptron will eventually classify all data correctly if the data are linearly separable."
What is the mathematical representation of the step function?,"The step function <anki-mathjax>g(s)</anki-mathjax> is represented as: <anki-mathjax>g(s) = \begin{cases} 1, & \text{if } s > 0 \\ 0, & \text{if } s < 0 \end{cases}</anki-mathjax> For the Heaviside function (a variation), <anki-mathjax>g(0) = 0.5</anki-mathjax>."
Provide the weight values for a perceptron that computes the AND function.,"<anki-mathjax>w_1 = 1.0</anki-mathjax>, <anki-mathjax>w_2 = 1.0</anki-mathjax>, <anki-mathjax>w_0 = -1.5</anki-mathjax>"
Provide the weight values for a perceptron that computes the OR function.,"<anki-mathjax>w_1 = 1.0</anki-mathjax>, <anki-mathjax>w_2 = 1.0</anki-mathjax>, <anki-mathjax>w_0 = -0.5</anki-mathjax>"
Provide the weight values for a perceptron that computes the NOR function.,"<anki-mathjax>w_1 = -1.0</anki-mathjax>, <anki-mathjax>w_2 = -1.0</anki-mathjax>, <anki-mathjax>w_0 = 0.5</anki-mathjax>"
What is the perceptron learning rule for adjusting weights in terms of the weighted sum <anki-mathjax>s</anki-mathjax>?,"If the perceptron output <anki-mathjax>g(s)</anki-mathjax> is incorrect, adjust weights as: <anki-mathjax>w_k \leftarrow w_k + \eta (y - g(s)) x_k</anki-mathjax>, <anki-mathjax>w_0 \leftarrow w_0 + \eta (y - g(s))</anki-mathjax> where <anki-mathjax>y</anki-mathjax> is the desired output, <anki-mathjax>\eta</anki-mathjax> is the learning rate, and <anki-mathjax>x_k</anki-mathjax> are the inputs."
What is the condition for a function to be linearly separable?,"A function is linearly separable if there exists a hyperplane that can separate the data points corresponding to different outputs without error."
How can the XOR function be implemented using perceptrons?,"The XOR function can be implemented as a combination of AND, OR, and NOR perceptrons: <anki-mathjax>\text{XOR}(x_1, x_2) = (\text{AND}(x_1, \text{NOT}(x_2)) \text{OR} (\text{NOT}(x_1), x_2))</anki-mathjax> OR using a multi-layer network where intermediate layers represent AND, NOR, and OR functions."
What is the role of the bias <anki-mathjax>w_0</anki-mathjax> in a perceptron?,"The bias <anki-mathjax>w_0</anki-mathjax> shifts the decision boundary, allowing the perceptron to classify data points even when the input values are small or zero."
What is the weight update rule in the Perceptron Learning Algorithm for a misclassified input?,"The weight update rule is: <anki-mathjax>w_k \leftarrow w_k + \eta (y - g(s)) x_k</anki-mathjax> where <anki-mathjax>y</anki-mathjax> is the desired output, <anki-mathjax>g(s)</anki-mathjax> is the perceptron output, <anki-mathjax>\eta</anki-mathjax> is the learning rate, and <anki-mathjax>x_k</anki-mathjax> is the input."
How do you calculate the output of a perceptron for given inputs <anki-mathjax>x_1, x_2</anki-mathjax>?,"The output <anki-mathjax>g(s)</anki-mathjax> is calculated as: <anki-mathjax>s = w_1x_1 + w_2x_2 + w_0</anki-mathjax> where <anki-mathjax>w_1, w_2</anki-mathjax> are weights, and <anki-mathjax>w_0</anki-mathjax> is the bias. The perceptron output <anki-mathjax>g(s)</anki-mathjax> is: <anki-mathjax>g(s) = \begin{cases} 1, & \text{if } s > 0 \\ 0, & \text{if } s \leq 0 \end{cases}</anki-mathjax>"
What is the role of the learning rate <anki-mathjax>\eta</anki-mathjax> in the Perceptron Learning Algorithm?,"The learning rate <anki-mathjax>\eta</anki-mathjax> controls the magnitude of the weight adjustments during training. It is a positive value that determines how quickly or slowly the perceptron learns."
Explain the significance of the bias term <anki-mathjax>w_0</anki-mathjax> in the perceptron model.,"The bias term <anki-mathjax>w_0</anki-mathjax> allows the decision boundary to be shifted, enabling the perceptron to adjust the classification threshold independently of the input values."
How is the decision boundary of a perceptron defined?,"The decision boundary is defined by the equation: <anki-mathjax>s = w_1x_1 + w_2x_2 + w_0 = 0</anki-mathjax> This boundary separates the input space into regions where the perceptron outputs 0 or 1."
What is the condition for convergence in the Perceptron Learning Algorithm?,"The Perceptron Learning Algorithm will converge (i.e., correctly classify all training examples) if and only if the data are linearly separable."
Describe the process of training a perceptron using a specific example.,"For each misclassified input: Update weights using <anki-mathjax>w_k \leftarrow w_k + \eta x_k</anki-mathjax> if the output should be 1 but is 0. Update weights using <anki-mathjax>w_k \leftarrow w_k - \eta x_k</anki-mathjax> if the output should be 0 but is 1. Repeat until all examples are correctly classified."
What does it mean for a perceptron to be linearly separable?,"A perceptron is linearly separable if there exists a linear hyperplane that can separate all examples of different classes without error."
In what scenario does the Perceptron Learning Algorithm fail to converge?,"The Perceptron Learning Algorithm fails to converge if the training data are not linearly separable, meaning there is no hyperplane that can perfectly separate the data into two classes."
How is the perceptron’s decision boundary expressed mathematically in a 3-dimensional space?,"In 3-dimensional space, the decision boundary is a plane given by: <anki-mathjax>w_1x_1 + w_2x_2 + w_3x_3 + w_0 = 0</anki-mathjax>"
What happens to the weights if the perceptron output is correct?,"If the perceptron output is correct (i.e., <anki-mathjax>g(s) = y</anki-mathjax>), the weights remain unchanged because the model has correctly classified the input."
Describe the impact of a high versus low learning rate <anki-mathjax>\eta</anki-mathjax> on the perceptron’s training process.,"A high learning rate <anki-mathjax>\eta</anki-mathjax> leads to larger weight updates, which can speed up convergence but may cause instability and overshooting. A low learning rate <anki-mathjax>\eta</anki-mathjax> results in smaller, more gradual updates, leading to slower convergence but more stable learning."
What is the geometric interpretation of the weights <anki-mathjax>w_1, w_2, \ldots, w_n</anki-mathjax> in a perceptron?,"The weights <anki-mathjax>w_1, w_2, \ldots, w_n</anki-mathjax> define the orientation and slope of the decision boundary (hyperplane) in the input space. The magnitude of each weight indicates the importance of the corresponding input."
What is the perceptron’s objective during training?,"The objective of the perceptron during training is to find a set of weights that minimizes the number of misclassified training examples, ideally reducing classification error to zero if the data are linearly separable."
How does the Perceptron Learning Algorithm handle non-linearly separable data?,"The basic Perceptron Learning Algorithm cannot handle non-linearly separable data. In such cases, a multi-layer perceptron (with hidden layers) or another more advanced model is required."
What is the mathematical significance of the step function used in a perceptron?,"The step function introduces non-linearity into the perceptron model by mapping the weighted sum <anki-mathjax>s</anki-mathjax> to a binary output (0 or 1), effectively making a decision based on the sign of <anki-mathjax>s</anki-mathjax>."
Why is the bias term <anki-mathjax>w_0</anki-mathjax> often considered as a weight with a constant input of 1?,"The bias term <anki-mathjax>w_0</anki-mathjax> is often treated as a weight with a constant input of 1 to simplify the notation and unify the expression for the weighted sum <anki-mathjax>s</anki-mathjax>, making it easier to integrate into the learning rule."
How can the learning rule for the bias <anki-mathjax>w_0</anki-mathjax> be expressed?,"The learning rule for the bias <anki-mathjax>w_0</anki-mathjax> can be expressed as: <anki-mathjax>w_0 \leftarrow w_0 + \eta (y - g(s))</anki-mathjax> where <anki-mathjax>y</anki-mathjax> is the desired output, <anki-mathjax>g(s)</anki-mathjax> is the perceptron output, and <anki-mathjax>\eta</anki-mathjax> is the learning rate."
What is the relationship between the perceptron and the logistic regression model?,"Both the perceptron and logistic regression models perform linear classification, but logistic regression uses a sigmoid function to output probabilities, whereas the perceptron uses a step function for binary classification."
How does the perceptron model relate to linear algebra?,"The perceptron model can be represented in linear algebra terms as a dot product between the weight vector <anki-mathjax>\mathbf{w}</anki-mathjax> and the input vector <anki-mathjax>\mathbf{x}</anki-mathjax>, followed by a thresholding operation: <anki-mathjax>g(s) = g(\mathbf{w} \cdot \mathbf{x} + w_0)</anki-mathjax>"
What are the limitations of the step function in the perceptron model?,"The step function is not differentiable, which limits the perceptron’s ability to be trained using gradient-based optimization methods. This limitation is addressed by using other activation functions in multi-layer networks."
What is the effect of initializing the weights to zero in a perceptron?,"Initializing the weights to zero can lead to symmetric weight updates, which might prevent the perceptron from learning properly. Random initialization is generally preferred to break symmetry."
How does the number of inputs affect the complexity of the decision boundary in a perceptron?,"The number of inputs determines the dimensionality of the decision boundary. For <anki-mathjax>n</anki-mathjax> inputs, the decision boundary is an <anki-mathjax>(n-1)</anki-mathjax>-dimensional hyperplane in the <anki-mathjax>n</anki-mathjax>-dimensional input space."
What is a perceptron?,"A perceptron is a type of artificial neuron that forms the basis of a simple neural network. It takes multiple inputs, processes them using weights, and produces a single binary output."
What are the primary components of a perceptron?,"1. Input nodes (features); 2. Weights associated with each input; 3. A bias term; 4. An activation function (usually a step function); 5. An output node"
What is the purpose of the activation function in a perceptron?,"The activation function determines the output of the perceptron by applying a threshold to the weighted sum of the inputs. It decides whether the neuron should be activated (output 1) or not (output 0)."
What is the learning process in a perceptron?,"The learning process in a perceptron involves adjusting the weights based on the errors between the actual and desired outputs, using the Perceptron Learning Algorithm until the perceptron correctly classifies all training examples (if possible)."
What is the significance of the bias term in a perceptron?,"The bias term allows the decision boundary to be adjusted independently of the input values, giving the perceptron more flexibility to classify inputs correctly."
How does the Perceptron Learning Algorithm work?,"1. Initializing weights randomly; 2. Iteratively updating weights based on the classification error for each training example; 3. Repeating until the perceptron correctly classifies all training examples or a maximum number of iterations is reached."
What is linear separability, and why is it important for perceptrons?,"Linear separability refers to the ability to separate data points into two classes using a straight line (or hyperplane). It is important for perceptrons because they can only correctly classify data that is linearly separable."
What are some limitations of the basic perceptron model?,"1. Inability to solve non-linearly separable problems (e.g., XOR); 2. Convergence is guaranteed only if the data is linearly separable; 3. The use of a step function limits the ability to perform gradient-based optimization."
How does a multi-layer perceptron (MLP) address the limitations of a single-layer perceptron?,"A multi-layer perceptron (MLP) introduces one or more hidden layers between the input and output layers, allowing the network to learn complex, non-linear relationships and solve problems that are not linearly separable."
What role did Minsky and Papert play in the history of perceptrons?,"Minsky and Papert published a book in 1969 that highlighted the limitations of perceptrons, particularly their inability to solve the XOR problem. Their work led to a decline in funding and interest in neural networks for several years."
What is the historical significance of the Perceptron Convergence Theorem?,"The Perceptron Convergence Theorem proved that the Perceptron Learning Algorithm will converge to a solution that correctly classifies the training data, provided the data is linearly separable. This was a significant result that confirmed the viability of perceptrons for certain tasks."
What is the role of the input layer in a perceptron?,"The input layer of a perceptron consists of input nodes that receive the features of the dataset. These inputs are passed through the network with corresponding weights to compute the output."
Why is random initialization of weights important in a perceptron?,"Random initialization of weights is important because it helps break symmetry in the learning process, allowing the perceptron to learn diverse patterns from the data."
What is the significance of the step function in the perceptron model?,"The step function is significant because it introduces non-linearity into the perceptron, enabling the model to make binary decisions based on whether the input weighted sum crosses a certain threshold."
Why can’t a basic perceptron solve the XOR problem?,"A basic perceptron cannot solve the XOR problem because XOR is not linearly separable, meaning no single linear boundary can separate the input-output pairs correctly."
What are input nodes, and what is their function in a perceptron?,"Input nodes represent the features of the input data in a perceptron. They pass their values, multiplied by corresponding weights, to the next layer (or directly to the output node in a single-layer perceptron)."
What is the purpose of a decision boundary in a perceptron?,"The decision boundary in a perceptron separates the input space into two regions corresponding to different output classes (0 or 1). It is defined by the weights and bias of the perceptron."
What is the significance of multi-layer neural networks in the development of deep learning?,"Multi-layer neural networks laid the foundation for deep learning by enabling the learning of complex, hierarchical patterns in data, allowing for tasks like image and speech recognition that were previously impossible with simple perceptrons."
What was the impact of the rediscovery of backpropagation in the 1980s on neural network research?,"The rediscovery of backpropagation in the 1980s by Rumelhart, Hinton, and Williams revolutionized neural network research by providing an effective method for training multi-layer networks, leading to the resurgence of interest in neural networks."
How do perceptrons relate to modern neural networks?,"Perceptrons are the building blocks of modern neural networks. While the basic perceptron model has limitations, its principles underpin more complex models like multi-layer perceptrons (MLPs), convolutional neural networks (CNNs), and recurrent neural networks (RNNs)."
What is the purpose of the output node in a perceptron?,"The output node in a perceptron produces the final binary output (0 or 1) based on the weighted sum of the inputs after applying the activation function."
What happens if the training data for a perceptron are not linearly separable?,"If the training data are not linearly separable, the Perceptron Learning Algorithm will not converge, meaning it will not find a solution that correctly classifies all the training examples."
How did the introduction of hidden layers in neural networks improve the learning capabilities of perceptron models?,"Hidden layers allow neural networks to learn intermediate representations of the data, enabling them to capture complex patterns and solve problems that are not linearly separable."
What is the role of the training data in the Perceptron Learning Algorithm?,"The training data provide examples of input-output pairs that the perceptron uses to adjust its weights, learning to classify new data correctly based on the patterns present in the training set."
